{"accuracy": [0.6032434701919556, 0.8644996285438538, 0.9167792797088623, 0.9424425363540649, 0.9552173018455505, 0.966171145439148, 0.9716053605079651, 0.9763425588607788, 0.9798136353492737, 0.981961727142334], "loss": [1.3536776304244995, 0.43131378293037415, 0.26005783677101135, 0.17814718186855316, 0.13576684892177582, 0.10423543304204941, 0.08682113885879517, 0.07365839928388596, 0.06210950016975403, 0.05693034827709198], "val_accuracy": [0.828363299369812, 0.9152060151100159, 0.9421238303184509, 0.9288071990013123, 0.948952853679657, 0.9572615623474121, 0.9609037041664124, 0.9573753476142883, 0.9721716642379761, 0.9468472599983215], "val_loss": [0.5559223890304565, 0.2651155889034271, 0.1811901181936264, 0.22348885238170624, 0.15614719688892365, 0.13428562879562378, 0.12503087520599365, 0.1394922137260437, 0.08946286141872406, 0.17842215299606323]}